user_id,sim_last_change,device_id,is_fraudulent,kyc_level,account_age_days
U0000,2025-06-25 11:54:55.563159,DEV_5506,False,basic,229
U0001,2026-03-08 11:54:55.563197,DEV_9935,False,basic,605
U0002,2025-10-14 11:54:55.563209,DEV_2535,True,basic,239
U0003,2025-09-02 11:54:55.563215,DEV_4257,False,premium,666
U0004,2025-05-24 11:54:55.563221,DEV_4611,False,verified,604
U0005,2025-12-27 11:54:55.563226,DEV_1106,False,basic,715
U0006,2025-10-14 11:54:55.563232,DEV_3547,False,basic,345
U0007,2026-03-27 11:54:55.563237,DEV_2584,True,verified,353
U0008,2025-07-13 11:54:55.563242,DEV_1711,False,premium,471
U0009,2025-08-17 11:54:55.563248,DEV_7201,False,basic,566
U0010,2025-12-19 11:54:55.563253,DEV_6925,False,premium,197
U0011,2025-05-23 11:54:55.563258,DEV_4733,True,verified,82
U0012,2026-01-19 11:54:55.563264,DEV_7227,False,verified,465
U0013,2025-06-27 11:54:55.563269,DEV_3664,False,verified,364
U0014,2026-01-31 11:54:55.563274,DEV_2169,False,premium,651
U0015,2026-02-20 11:54:55.563279,DEV_5010,False,basic,474
U0016,2025-11-05 11:54:55.563283,DEV_4598,False,premium,333
U0017,2026-04-20 11:54:55.563288,DEV_1525,False,verified,411
U0018,2026-01-01 11:54:55.563294,DEV_6155,True,basic,672
U0019,2025-09-05 11:54:55.563299,DEV_8517,False,basic,272
U0020,2026-03-08 11:54:55.563304,DEV_9830,False,verified,599
U0021,2025-10-11 11:54:55.563309,DEV_7543,False,verified,225
U0022,2026-03-09 11:54:55.563314,DEV_2489,False,basic,113
U0023,2026-03-01 11:54:55.563319,DEV_7916,False,premium,66
U0024,2025-11-02 11:54:55.563324,DEV_8668,False,premium,258
U0025,2025-08-08 11:54:55.563329,DEV_1188,False,premium,118
U0026,2025-06-03 11:54:55.563334,DEV_5371,False,premium,349
U0027,2026-03-22 11:54:55.563339,DEV_3591,False,verified,4
U0028,2026-01-04 11:54:55.563343,DEV_3927,False,premium,109
U0029,2025-07-02 11:54:55.563349,DEV_9317,False,premium,204
U0030,2026-03-01 11:54:55.563354,DEV_3646,False,premium,544
U0031,2026-05-18 11:54:55.563359,DEV_9005,False,basic,115
U0032,2025-11-14 11:54:55.563364,DEV_6038,False,basic,60
U0033,2026-01-15 11:54:55.563370,DEV_2290,False,basic,498
U0034,2026-04-13 11:54:55.563375,DEV_9727,False,basic,132
U0035,2025-06-15 11:54:55.563380,DEV_3705,False,verified,541
U0036,2025-07-12 11:54:55.563385,DEV_4470,False,premium,707
U0037,2026-02-05 11:54:55.563390,DEV_7537,False,premium,666
U0038,2025-11-08 11:54:55.563395,DEV_9479,False,verified,124
U0039,2026-01-12 11:54:55.563399,DEV_6539,False,basic,603
U0040,2025-08-08 11:54:55.563404,DEV_4608,False,basic,73
U0041,2025-05-21 11:54:55.563409,DEV_4750,False,basic,33
U0042,2025-11-30 11:54:55.563414,DEV_4899,True,verified,686
U0043,2025-09-12 11:54:55.563419,DEV_3167,False,premium,585
U0044,2025-07-27 11:54:55.563423,DEV_8749,False,verified,195
U0045,2026-03-31 11:54:55.563428,DEV_8062,True,verified,434
U0046,2025-10-20 11:54:55.563432,DEV_1887,False,premium,670
U0047,2025-06-22 11:54:55.563436,DEV_7596,True,premium,348
U0048,2026-03-24 11:54:55.563441,DEV_4116,False,premium,460
U0049,2026-03-08 11:54:55.563445,DEV_5563,False,verified,256
U0050,2026-04-10 11:54:55.563449,DEV_2604,False,basic,668
U0051,2025-08-15 11:54:55.563454,DEV_2528,False,basic,171
U0052,2025-10-22 11:54:55.563459,DEV_4502,False,verified,61
U0053,2026-02-23 11:54:55.563464,DEV_7396,False,verified,466
U0054,2025-12-23 11:54:55.563469,DEV_8973,False,basic,195
U0055,2025-12-18 11:54:55.563483,DEV_1958,False,premium,556
U0056,2026-04-17 11:54:55.563488,DEV_1936,False,basic,599
U0057,2025-09-16 11:54:55.563493,DEV_9701,False,basic,59
U0058,2025-08-31 11:54:55.563499,DEV_4044,True,basic,610
U0059,2026-04-14 11:54:55.563504,DEV_4853,False,verified,123
U0060,2025-07-31 11:54:55.563508,DEV_1651,False,premium,84
U0061,2025-10-16 11:54:55.563513,DEV_9565,False,verified,268
U0062,2026-02-03 11:54:55.563518,DEV_6147,False,basic,272
U0063,2025-10-28 11:54:55.563522,DEV_5915,False,verified,324
U0064,2026-04-11 11:54:55.563527,DEV_2638,True,basic,551
U0065,2026-01-29 11:54:55.563534,DEV_3170,False,verified,71
U0066,2026-01-13 11:54:55.563539,DEV_3584,False,verified,557
U0067,2025-05-23 11:54:55.563544,DEV_9666,False,basic,684
U0068,2025-08-08 11:54:55.563549,DEV_2697,False,basic,271
U0069,2026-03-20 11:54:55.563554,DEV_3546,False,verified,289
U0070,2025-07-13 11:54:55.563559,DEV_6617,False,basic,704
U0071,2025-06-28 11:54:55.563564,DEV_9280,False,verified,258
U0072,2026-04-22 11:54:55.563568,DEV_7939,True,verified,46
U0073,2026-05-17 11:54:55.563573,DEV_3143,False,premium,269
U0074,2026-02-25 11:54:55.563578,DEV_8007,False,premium,10
U0075,2026-03-22 11:54:55.563583,DEV_3442,True,premium,37
U0076,2025-11-10 11:54:55.563588,DEV_3426,False,verified,131
U0077,2026-04-27 11:54:55.563594,DEV_1653,False,verified,216
U0078,2025-06-03 11:54:55.563599,DEV_2684,False,verified,574
U0079,2025-10-22 11:54:55.563605,DEV_3532,False,basic,167
U0080,2026-02-17 11:54:55.563611,DEV_1406,False,basic,341
U0081,2025-10-20 11:54:55.563616,DEV_5065,False,verified,164
U0082,2025-05-24 11:54:55.563622,DEV_1634,False,verified,228
U0083,2026-02-05 11:54:55.563627,DEV_8541,False,verified,313
U0084,2026-01-22 11:54:55.563631,DEV_4164,False,verified,337
U0085,2025-12-27 11:54:55.563637,DEV_5573,False,verified,657
U0086,2025-08-31 11:54:55.563641,DEV_9785,False,verified,29
U0087,2026-03-20 11:54:55.563648,DEV_5279,False,basic,595
U0088,2026-01-03 11:54:55.563652,DEV_8119,True,verified,322
U0089,2025-10-07 11:54:55.563659,DEV_9379,False,basic,395
U0090,2025-07-27 11:54:55.563663,DEV_1727,False,premium,447
U0091,2026-05-18 11:54:55.563668,DEV_9821,False,premium,687
U0092,2026-02-07 11:54:55.563672,DEV_2146,False,premium,339
U0093,2025-07-03 11:54:55.563677,DEV_3041,False,premium,308
U0094,2025-09-01 11:54:55.563681,DEV_7691,False,verified,413
U0095,2025-05-27 11:54:55.563686,DEV_3085,False,basic,431
U0096,2025-06-12 11:54:55.563690,DEV_3851,False,premium,583
U0097,2025-12-15 11:54:55.563695,DEV_1006,False,verified,294
U0098,2026-01-31 11:54:55.563702,DEV_6279,False,verified,453
U0099,2025-10-04 11:54:55.563706,DEV_9375,False,verified,174
U0100,2025-06-15 11:54:55.563711,DEV_9445,True,premium,649
U0101,2025-07-05 11:54:55.563716,DEV_4848,False,premium,318
U0102,2026-01-23 11:54:55.563720,DEV_3414,False,basic,48
U0103,2026-01-13 11:54:55.563725,DEV_2193,False,verified,425
U0104,2025-06-30 11:54:55.563730,DEV_7291,False,verified,410
U0105,2026-01-14 11:54:55.563735,DEV_1090,False,basic,436
U0106,2026-01-26 11:54:55.563740,DEV_9486,False,verified,52
U0107,2025-08-06 11:54:55.563745,DEV_2988,False,verified,137
U0108,2025-09-23 11:54:55.563750,DEV_6198,False,verified,628
U0109,2025-09-02 11:54:55.563756,DEV_9976,False,verified,163
U0110,2025-09-17 11:54:55.563761,DEV_5050,False,premium,284
U0111,2025-08-25 11:54:55.563765,DEV_4919,False,verified,451
U0112,2026-04-09 11:54:55.563770,DEV_4841,False,verified,344
U0113,2025-12-06 11:54:55.563775,DEV_2320,False,basic,155
U0114,2026-01-20 11:54:55.563779,DEV_3503,False,premium,220
U0115,2026-04-16 11:54:55.563783,DEV_6421,False,premium,478
U0116,2025-10-18 11:54:55.563788,DEV_7883,True,verified,599
U0117,2025-05-27 11:54:55.563792,DEV_7232,True,verified,7
U0118,2025-11-19 11:54:55.563798,DEV_7389,False,verified,552
U0119,2025-08-12 11:54:55.563803,DEV_4613,False,verified,225
U0120,2025-12-30 11:54:55.563808,DEV_1475,False,verified,345
U0121,2025-06-10 11:54:55.563813,DEV_7624,False,premium,170
U0122,2025-09-21 11:54:55.563817,DEV_9751,False,basic,404
U0123,2025-07-19 11:54:55.563822,DEV_1444,False,basic,659
U0124,2025-10-11 11:54:55.563827,DEV_8564,False,basic,52
U0125,2026-01-05 11:54:55.563831,DEV_4467,False,verified,335
U0126,2025-11-27 11:54:55.563835,DEV_7211,False,verified,432
U0127,2026-01-09 11:54:55.563840,DEV_8705,False,basic,553
U0128,2026-04-22 11:54:55.563844,DEV_6733,False,basic,666
U0129,2026-04-13 11:54:55.563849,DEV_1659,False,basic,254
U0130,2026-02-05 11:54:55.563854,DEV_3496,False,basic,130
U0131,2025-09-18 11:54:55.563858,DEV_4571,False,verified,717
U0132,2026-01-07 11:54:55.563863,DEV_3749,False,premium,622
U0133,2026-03-21 11:54:55.563867,DEV_3683,False,verified,111
U0134,2025-07-26 11:54:55.563872,DEV_6111,True,premium,694
U0135,2025-11-07 11:54:55.563876,DEV_4249,False,basic,607
U0136,2025-05-30 11:54:55.563881,DEV_4978,False,basic,714
U0137,2025-12-15 11:54:55.563895,DEV_2983,False,premium,43
U0138,2025-11-22 11:54:55.563899,DEV_7071,False,basic,519
U0139,2025-06-21 11:54:55.563904,DEV_7882,False,verified,109
U0140,2025-10-09 11:54:55.563909,DEV_8532,False,premium,157
U0141,2025-10-08 11:54:55.563919,DEV_9548,False,premium,277
U0142,2025-07-07 11:54:55.563923,DEV_9817,False,verified,477
U0143,2025-10-07 11:54:55.563928,DEV_5397,False,verified,252
U0144,2026-04-04 11:54:55.563933,DEV_8385,False,basic,476
U0145,2025-07-31 11:54:55.563938,DEV_7209,False,verified,30
U0146,2025-09-07 11:54:55.563943,DEV_3979,False,verified,218
U0147,2025-11-18 11:54:55.563948,DEV_6576,False,verified,611
U0148,2025-05-24 11:54:55.563953,DEV_1166,False,premium,196
U0149,2026-04-05 11:54:55.563959,DEV_7658,False,verified,569
U0150,2026-01-15 11:54:55.563964,DEV_9041,False,verified,18
U0151,2026-04-01 11:54:55.563969,DEV_7625,False,premium,250
U0152,2025-12-13 11:54:55.563974,DEV_7046,False,verified,567
U0153,2025-08-20 11:54:55.563979,DEV_6419,False,verified,720
U0154,2025-09-28 11:54:55.563984,DEV_5118,False,basic,124
U0155,2026-02-09 11:54:55.563989,DEV_9779,False,premium,190
U0156,2026-02-09 11:54:55.563994,DEV_8933,False,verified,604
U0157,2025-08-23 11:54:55.563999,DEV_2647,False,basic,304
U0158,2026-01-22 11:54:55.564004,DEV_5952,False,basic,726
U0159,2025-08-18 11:54:55.564009,DEV_1745,False,basic,567
U0160,2025-12-20 11:54:55.564014,DEV_3068,False,premium,503
U0161,2026-03-27 11:54:55.564019,DEV_5658,False,verified,491
U0162,2025-10-05 11:54:55.564024,DEV_1841,False,verified,490
U0163,2026-03-21 11:54:55.564030,DEV_7565,False,verified,76
U0164,2025-07-27 11:54:55.564035,DEV_1878,False,basic,153
U0165,2025-08-03 11:54:55.564040,DEV_2395,False,basic,122
U0166,2025-08-06 11:54:55.564045,DEV_4697,False,premium,390
U0167,2025-09-30 11:54:55.564050,DEV_5871,False,premium,440
U0168,2025-12-13 11:54:55.564054,DEV_1986,False,premium,102
U0169,2026-02-01 11:54:55.564059,DEV_5335,False,premium,84
U0170,2026-02-27 11:54:55.564064,DEV_2229,False,basic,3
U0171,2025-10-21 11:54:55.564069,DEV_8699,False,verified,34
U0172,2026-01-20 11:54:55.564075,DEV_5632,False,premium,465
U0173,2026-04-12 11:54:55.564080,DEV_5334,False,premium,604
U0174,2025-06-14 11:54:55.564084,DEV_4241,False,verified,118
U0175,2025-08-13 11:54:55.564088,DEV_3441,False,verified,146
U0176,2026-04-12 11:54:55.564093,DEV_6039,True,premium,583
U0177,2025-12-22 11:54:55.564098,DEV_8679,False,premium,312
U0178,2025-05-25 11:54:55.564103,DEV_5460,False,premium,553
U0179,2025-09-08 11:54:55.564107,DEV_1653,False,verified,331
U0180,2025-07-13 11:54:55.564112,DEV_2496,False,basic,691
U0181,2025-07-28 11:54:55.564117,DEV_1339,False,premium,276
U0182,2025-07-27 11:54:55.564122,DEV_3870,True,verified,532
U0183,2025-06-19 11:54:55.564129,DEV_5557,False,basic,600
U0184,2025-10-07 11:54:55.564134,DEV_9056,False,basic,482
U0185,2025-11-21 11:54:55.564139,DEV_6260,False,premium,108
U0186,2026-02-25 11:54:55.564143,DEV_9117,False,verified,679
U0187,2025-10-25 11:54:55.564147,DEV_1601,False,verified,91
U0188,2025-12-08 11:54:55.564152,DEV_2899,False,verified,527
U0189,2026-05-18 11:54:55.564157,DEV_9889,False,verified,424
U0190,2026-04-21 11:54:55.564161,DEV_6927,False,premium,511
U0191,2025-07-02 11:54:55.564165,DEV_1845,False,basic,274
U0192,2025-08-10 11:54:55.564170,DEV_5719,False,verified,716
U0193,2025-09-12 11:54:55.564175,DEV_4920,False,premium,163
U0194,2025-12-10 11:54:55.564180,DEV_7684,False,basic,231
U0195,2026-03-21 11:54:55.564185,DEV_2924,False,premium,158
U0196,2025-09-05 11:54:55.564189,DEV_5781,False,premium,723
U0197,2025-12-30 11:54:55.564193,DEV_8905,False,verified,250
U0198,2025-09-27 11:54:55.564197,DEV_7284,False,basic,614
U0199,2025-08-31 11:54:55.564201,DEV_3236,False,basic,283
