txn_id,user_id,amount,timestamp,merchant,sim_changed_recently,is_fraud
TXN_00000,U0197,176.5388691260048,2026-05-15 00:54:55.577088,eBay,False,False
TXN_00001,U0068,148.59110180858505,2026-05-19 10:54:55.577570,Target,False,False
TXN_00002,U0150,499.46214328237596,2026-05-13 06:54:55.577599,BestBuy,False,False
TXN_00003,U0038,273.9044830748981,2026-05-14 16:54:55.577613,Target,False,False
TXN_00004,U0085,383.80761203378984,2026-05-13 13:54:55.577620,BestBuy,False,False
TXN_00005,U0116,8826.415149106617,2026-05-16 00:54:55.577627,Walmart,False,True
TXN_00006,U0146,124.44559856836763,2026-05-15 08:54:55.577635,BestBuy,False,False
TXN_00007,U0011,7702.346364086763,2026-05-16 01:54:55.577641,BestBuy,False,True
TXN_00008,U0098,490.6008879432947,2026-05-12 12:54:55.577649,BestBuy,False,False
TXN_00009,U0009,256.1226635651533,2026-05-18 02:54:55.577656,eBay,False,False
TXN_00010,U0084,438.3532832866111,2026-05-18 09:54:55.577663,BestBuy,False,False
TXN_00011,U0025,456.11642207126886,2026-05-13 20:54:55.577669,Amazon,False,False
TXN_00012,U0184,210.88952367571855,2026-05-17 22:54:55.577676,Walmart,False,False
TXN_00013,U0019,392.9473927237822,2026-05-14 10:54:55.577683,Target,False,False
TXN_00014,U0086,349.4252533075722,2026-05-12 19:54:55.577693,Amazon,False,False
TXN_00015,U0084,196.204604786101,2026-05-13 18:54:55.577702,Target,False,False
TXN_00016,U0160,437.4676785252828,2026-05-14 06:54:55.577709,Amazon,False,False
TXN_00017,U0158,125.03741911999056,2026-05-18 17:54:55.577715,Target,False,False
TXN_00018,U0058,4905.743247308132,2026-05-18 11:54:55.577722,Amazon,True,True
TXN_00019,U0113,350.0605697686849,2026-05-17 16:54:55.577733,Amazon,False,False
TXN_00020,U0011,8165.291186459906,2026-05-15 23:54:55.577739,Target,True,True
TXN_00021,U0110,129.6567417701445,2026-05-17 21:54:55.577745,BestBuy,False,False
TXN_00022,U0144,93.29198804336771,2026-05-17 12:54:55.577751,Amazon,False,False
TXN_00023,U0156,313.6580805833335,2026-05-15 09:54:55.577758,Walmart,False,False
TXN_00024,U0127,80.12768286296973,2026-05-13 05:54:55.577765,BestBuy,False,False
TXN_00025,U0163,235.18954459659818,2026-05-16 17:54:55.577772,Amazon,False,False
TXN_00026,U0119,342.0293339925489,2026-05-16 09:54:55.577778,Walmart,False,False
TXN_00027,U0018,9507.120714411814,2026-05-14 17:54:55.577785,Target,False,True
TXN_00028,U0163,348.25362110546325,2026-05-14 22:54:55.577792,BestBuy,False,False
TXN_00029,U0077,499.6930470950878,2026-05-17 08:54:55.577807,BestBuy,False,False
TXN_00030,U0027,196.86850585223823,2026-05-16 22:54:55.577813,Target,False,False
TXN_00031,U0147,496.4191013771798,2026-05-16 07:54:55.577818,Target,False,False
TXN_00032,U0005,144.4953862873316,2026-05-15 05:54:55.577824,eBay,False,False
TXN_00033,U0175,456.20230732216817,2026-05-18 22:54:55.577830,BestBuy,False,False
TXN_00034,U0073,307.4618491004903,2026-05-17 00:54:55.577836,Target,False,False
TXN_00035,U0056,103.16467474577327,2026-05-12 16:54:55.577842,Target,False,False
TXN_00036,U0173,317.8415708065802,2026-05-17 23:54:55.577853,Amazon,False,False
TXN_00037,U0079,26.34862031035989,2026-05-14 18:54:55.577862,Target,False,False
TXN_00038,U0187,54.165354115647276,2026-05-18 01:54:55.577870,Target,False,False
TXN_00039,U0083,96.06363451771024,2026-05-15 00:54:55.577877,Walmart,False,False
TXN_00040,U0138,270.1176631143647,2026-05-15 13:54:55.577884,Target,False,False
TXN_00041,U0042,9226.440581844809,2026-05-16 17:54:55.577892,Target,False,True
TXN_00042,U0191,404.07394391621017,2026-05-15 20:54:55.577899,BestBuy,False,False
TXN_00043,U0019,379.53423160005434,2026-05-17 22:54:55.577906,Walmart,False,False
TXN_00044,U0173,483.96217617701586,2026-05-15 05:54:55.577912,eBay,False,False
TXN_00045,U0093,397.43416460857935,2026-05-18 11:54:55.577918,Amazon,False,False
TXN_00046,U0067,70.55848101411127,2026-05-13 17:54:55.577925,Target,False,False
TXN_00047,U0172,296.43444490956136,2026-05-16 15:54:55.577931,Target,False,False
TXN_00048,U0027,241.02366531090493,2026-05-16 23:54:55.577937,eBay,False,False
TXN_00049,U0143,458.47539528414814,2026-05-15 23:54:55.577944,Walmart,False,False
TXN_00050,U0165,321.34792196519015,2026-05-18 18:54:55.577950,BestBuy,False,False
TXN_00051,U0179,328.12732867944965,2026-05-16 05:54:55.577957,Amazon,False,False
TXN_00052,U0035,473.6681511121537,2026-05-18 23:54:55.577964,Target,False,False
TXN_00053,U0126,57.62407932469258,2026-05-18 05:54:55.577970,eBay,False,False
TXN_00054,U0034,232.28544087555736,2026-05-15 07:54:55.577981,eBay,False,False
TXN_00055,U0107,373.71181723500473,2026-05-13 04:54:55.577989,Walmart,False,False
TXN_00056,U0106,58.52060100815896,2026-05-12 11:54:55.577996,BestBuy,False,False
TXN_00057,U0157,470.1360021996911,2026-05-15 02:54:55.578002,Target,False,False
TXN_00058,U0008,116.46214550180518,2026-05-15 12:54:55.578008,BestBuy,False,False
TXN_00059,U0060,58.68376605700385,2026-05-15 14:54:55.578015,Target,False,False
TXN_00060,U0139,185.7501821940358,2026-05-12 13:54:55.578021,BestBuy,False,False
TXN_00061,U0070,484.4213692088295,2026-05-17 10:54:55.578027,BestBuy,False,False
TXN_00062,U0023,324.4351889442766,2026-05-17 04:54:55.578033,eBay,False,False
TXN_00063,U0005,395.5293493227622,2026-05-18 22:54:55.578039,Walmart,False,False
TXN_00064,U0032,110.55073182000945,2026-05-13 10:54:55.578045,eBay,False,False
TXN_00065,U0053,115.81616244015063,2026-05-13 04:54:55.578053,Walmart,False,False
TXN_00066,U0084,396.43543959602863,2026-05-17 21:54:55.578060,eBay,False,False
TXN_00067,U0000,430.6190019262864,2026-05-16 12:54:55.578066,Walmart,False,False
TXN_00068,U0033,132.82055639678066,2026-05-13 16:54:55.578072,Walmart,False,False
TXN_00069,U0028,74.58358248532977,2026-05-19 04:54:55.578078,Target,False,False
TXN_00070,U0060,168.648016361391,2026-05-13 04:54:55.578084,Walmart,False,False
TXN_00071,U0067,72.11168641926234,2026-05-18 21:54:55.578091,BestBuy,False,False
TXN_00072,U0134,7710.987475305961,2026-05-18 05:54:55.578097,Target,True,True
TXN_00073,U0131,63.4364649018843,2026-05-13 03:54:55.578103,eBay,False,False
TXN_00074,U0056,31.248868080594136,2026-05-12 21:54:55.578110,eBay,False,False
TXN_00075,U0077,325.2369352606895,2026-05-14 13:54:55.578117,Amazon,False,False
TXN_00076,U0015,425.17628615194894,2026-05-14 08:54:55.578123,BestBuy,False,False
TXN_00077,U0175,250.23173853067038,2026-05-18 07:54:55.578131,BestBuy,False,False
TXN_00078,U0018,3899.006377716935,2026-05-18 14:54:55.578137,Walmart,True,True
TXN_00079,U0070,320.2075949074976,2026-05-12 19:54:55.578144,eBay,False,False
TXN_00080,U0182,4428.139589366687,2026-05-15 23:54:55.578150,Target,True,True
TXN_00081,U0116,6448.841123817816,2026-05-14 01:54:55.578156,Amazon,True,True
TXN_00082,U0167,440.07604440146486,2026-05-12 12:54:55.578163,eBay,False,False
TXN_00083,U0184,220.7342714165293,2026-05-17 03:54:55.578169,Walmart,False,False
TXN_00084,U0105,415.4354201422219,2026-05-15 20:54:55.578175,BestBuy,False,False
TXN_00085,U0106,163.14869149859516,2026-05-18 10:54:55.578181,Target,False,False
TXN_00086,U0170,193.40750148341306,2026-05-16 17:54:55.578188,Walmart,False,False
TXN_00087,U0175,42.8953209869574,2026-05-14 09:54:55.578194,Amazon,False,False
TXN_00088,U0023,57.316571957234956,2026-05-14 20:54:55.578200,Target,False,False
TXN_00089,U0033,39.39067920571482,2026-05-13 12:54:55.578206,eBay,False,False
TXN_00090,U0143,338.30649971882497,2026-05-15 22:54:55.578212,BestBuy,False,False
TXN_00091,U0090,435.3651529458418,2026-05-14 22:54:55.578218,Amazon,False,False
TXN_00092,U0073,163.09996055295042,2026-05-13 01:54:55.578225,Amazon,False,False
TXN_00093,U0147,114.24201477928298,2026-05-14 01:54:55.578231,BestBuy,False,False
TXN_00094,U0057,181.55585716838368,2026-05-18 07:54:55.578237,eBay,False,False
TXN_00095,U0094,383.67675964905635,2026-05-18 05:54:55.578244,eBay,False,False
TXN_00096,U0057,424.12602905089545,2026-05-14 21:54:55.578250,eBay,False,False
TXN_00097,U0157,282.80248003351966,2026-05-12 14:54:55.578256,eBay,False,False
TXN_00098,U0168,24.187058720021476,2026-05-16 14:54:55.578262,Target,False,False
TXN_00099,U0179,461.5533853062546,2026-05-16 03:54:55.578269,Target,False,False
TXN_00100,U0001,436.2327262028547,2026-05-17 12:54:55.578274,eBay,False,False
TXN_00101,U0168,44.096856411684854,2026-05-15 04:54:55.578281,Amazon,False,False
TXN_00102,U0023,115.41511121642036,2026-05-13 19:54:55.578288,BestBuy,False,False
TXN_00103,U0116,2416.6834826057984,2026-05-15 19:54:55.578294,Target,True,True
TXN_00104,U0198,302.1496483804952,2026-05-13 09:54:55.578300,Amazon,False,False
TXN_00105,U0039,379.6735807712429,2026-05-17 18:54:55.578307,Amazon,False,False
TXN_00106,U0172,143.33039333764728,2026-05-18 14:54:55.578314,BestBuy,False,False
TXN_00107,U0124,226.60165148191177,2026-05-12 23:54:55.578320,Target,False,False
TXN_00108,U0055,65.77057897399885,2026-05-13 23:54:55.578327,BestBuy,False,False
TXN_00109,U0028,342.32676753743186,2026-05-16 10:54:55.578334,eBay,False,False
TXN_00110,U0124,336.8949537808113,2026-05-13 20:54:55.578340,Amazon,False,False
TXN_00111,U0056,492.37837257734856,2026-05-15 05:54:55.578346,Amazon,False,False
TXN_00112,U0001,157.695487389034,2026-05-17 06:54:55.578353,Walmart,False,False
TXN_00113,U0196,384.43883892301136,2026-05-17 23:54:55.578359,Target,False,False
TXN_00114,U0083,13.78765421896285,2026-05-18 04:54:55.578365,BestBuy,False,False
TXN_00115,U0044,196.30164840046575,2026-05-18 01:54:55.578371,Walmart,False,False
TXN_00116,U0128,418.34355918574033,2026-05-13 11:54:55.578378,Target,False,False
TXN_00117,U0018,8755.879258203297,2026-05-15 05:54:55.578384,Amazon,True,True
TXN_00118,U0117,8758.990122508598,2026-05-18 15:54:55.578390,eBay,True,True
TXN_00119,U0103,214.67004032330547,2026-05-12 15:54:55.578397,Amazon,False,False
TXN_00120,U0103,483.43784860623185,2026-05-19 05:54:55.578404,Walmart,False,False
TXN_00121,U0158,417.6926974051365,2026-05-14 13:54:55.578411,Target,False,False
TXN_00122,U0022,423.7973363092015,2026-05-14 19:54:55.578476,Walmart,False,False
TXN_00123,U0111,206.2204099948827,2026-05-13 04:54:55.578483,Amazon,False,False
TXN_00124,U0101,375.4443649676554,2026-05-16 03:54:55.578489,Walmart,False,False
TXN_00125,U0085,47.425894961780365,2026-05-17 15:54:55.578495,Amazon,False,False
TXN_00126,U0135,105.01281607078117,2026-05-14 00:54:55.578501,Target,False,False
TXN_00127,U0089,409.36813281750693,2026-05-12 13:54:55.578507,Walmart,False,False
TXN_00128,U0026,135.42442878084762,2026-05-17 21:54:55.578514,Walmart,False,False
TXN_00129,U0154,382.5054948179771,2026-05-17 19:54:55.578523,Amazon,False,False
TXN_00130,U0045,5447.053225156497,2026-05-12 18:54:55.578529,eBay,False,True
TXN_00131,U0114,325.0659970290674,2026-05-13 10:54:55.578536,eBay,False,False
TXN_00132,U0082,164.90805830038428,2026-05-12 18:54:55.578543,BestBuy,False,False
TXN_00133,U0017,226.68195127977958,2026-05-14 10:54:55.578549,Target,False,False
TXN_00134,U0070,37.52433890440824,2026-05-13 03:54:55.578556,eBay,False,False
TXN_00135,U0018,5155.682378018087,2026-05-16 03:54:55.578562,Target,True,True
TXN_00136,U0073,325.8865700921603,2026-05-18 15:54:55.578568,Amazon,False,False
TXN_00137,U0157,258.463230493638,2026-05-13 02:54:55.578577,BestBuy,False,False
TXN_00138,U0148,477.5734235941672,2026-05-13 13:54:55.578583,Amazon,False,False
TXN_00139,U0115,329.40035277781885,2026-05-13 08:54:55.578592,Target,False,False
TXN_00140,U0154,255.66997791768554,2026-05-14 09:54:55.578598,Amazon,False,False
TXN_00141,U0115,407.37373754808414,2026-05-18 08:54:55.578604,Target,False,False
TXN_00142,U0182,5540.941013508616,2026-05-18 13:54:55.578610,Walmart,True,True
TXN_00143,U0181,495.58315109697486,2026-05-14 18:54:55.578616,eBay,False,False
TXN_00144,U0133,87.78564191095528,2026-05-12 22:54:55.578622,Target,False,False
TXN_00145,U0072,4678.924575225883,2026-05-15 07:54:55.578629,eBay,True,True
TXN_00146,U0013,327.1796249149604,2026-05-12 17:54:55.578635,Amazon,False,False
TXN_00147,U0084,283.4019740850171,2026-05-18 10:54:55.578641,BestBuy,False,False
TXN_00148,U0072,7513.602895022156,2026-05-16 18:54:55.578646,eBay,True,True
TXN_00149,U0038,49.93597384946314,2026-05-15 21:54:55.578653,Walmart,False,False
TXN_00150,U0089,484.17128876944486,2026-05-16 03:54:55.578658,BestBuy,False,False
TXN_00151,U0033,357.3286670418164,2026-05-13 02:54:55.578664,Amazon,False,False
TXN_00152,U0079,194.57285996758708,2026-05-13 11:54:55.578669,Target,False,False
TXN_00153,U0032,55.79195288235066,2026-05-13 20:54:55.578675,BestBuy,False,False
TXN_00154,U0130,18.932963517851032,2026-05-15 14:54:55.578683,Target,False,False
TXN_00155,U0046,177.4488491144586,2026-05-17 04:54:55.578689,BestBuy,False,False
TXN_00156,U0049,499.988544340484,2026-05-17 01:54:55.578696,Walmart,False,False
TXN_00157,U0019,423.7699104560828,2026-05-16 07:54:55.578705,Amazon,False,False
TXN_00158,U0129,419.2087150509324,2026-05-13 16:54:55.578711,eBay,False,False
TXN_00159,U0009,439.4324585459435,2026-05-15 20:54:55.578718,eBay,False,False
TXN_00160,U0033,194.59273670303708,2026-05-13 02:54:55.578724,Walmart,False,False
TXN_00161,U0046,406.43142262325756,2026-05-12 19:54:55.578731,Walmart,False,False
TXN_00162,U0184,31.409289697712023,2026-05-14 18:54:55.578738,Target,False,False
TXN_00163,U0173,485.09841567022625,2026-05-16 22:54:55.578744,eBay,False,False
TXN_00164,U0072,3106.0264990188202,2026-05-14 16:54:55.578750,BestBuy,True,True
TXN_00165,U0049,342.3703442818953,2026-05-15 12:54:55.578757,eBay,False,False
TXN_00166,U0112,387.02489046803225,2026-05-14 12:54:55.578763,BestBuy,False,False
TXN_00167,U0128,215.14380509757544,2026-05-13 19:54:55.578770,Walmart,False,False
TXN_00168,U0051,77.8152819556813,2026-05-13 00:54:55.578777,Target,False,False
TXN_00169,U0013,245.48942117629426,2026-05-12 14:54:55.578783,Target,False,False
TXN_00170,U0141,358.5864787883104,2026-05-18 08:54:55.578789,eBay,False,False
TXN_00171,U0031,51.09881143217714,2026-05-16 10:54:55.578794,Walmart,False,False
TXN_00172,U0069,453.6000423993382,2026-05-14 15:54:55.578800,Walmart,False,False
TXN_00173,U0111,473.7424988757627,2026-05-18 11:54:55.578810,Walmart,False,False
TXN_00174,U0115,465.9312442918747,2026-05-15 17:54:55.578816,BestBuy,False,False
TXN_00175,U0013,255.98348619968536,2026-05-15 05:54:55.578822,Walmart,False,False
TXN_00176,U0098,193.7072099747061,2026-05-18 14:54:55.578827,Amazon,False,False
TXN_00177,U0081,421.19638092968677,2026-05-18 09:54:55.578833,Target,False,False
TXN_00178,U0037,28.768563647351424,2026-05-17 23:54:55.578840,BestBuy,False,False
TXN_00179,U0178,381.8321658351475,2026-05-17 23:54:55.578845,BestBuy,False,False
TXN_00180,U0114,12.573087169752787,2026-05-12 21:54:55.578852,Amazon,False,False
TXN_00181,U0004,115.67082478949366,2026-05-16 17:54:55.578858,Walmart,False,False
TXN_00182,U0140,268.6080378844949,2026-05-12 23:54:55.578864,Amazon,False,False
TXN_00183,U0198,126.44371105405749,2026-05-16 09:54:55.578870,Amazon,False,False
TXN_00184,U0012,215.7145164391871,2026-05-16 21:54:55.578875,eBay,False,False
TXN_00185,U0117,1997.721057610135,2026-05-18 18:54:55.578880,eBay,False,True
TXN_00186,U0137,319.6579215864398,2026-05-19 06:54:55.578886,eBay,False,False
TXN_00187,U0061,152.72327400987635,2026-05-17 22:54:55.578895,Amazon,False,False
TXN_00188,U0157,127.87647701520633,2026-05-15 16:54:55.578900,BestBuy,False,False
TXN_00189,U0047,5711.361019103902,2026-05-18 13:54:55.578906,eBay,True,True
TXN_00190,U0139,395.3420445642056,2026-05-14 01:54:55.578912,eBay,False,False
TXN_00191,U0141,201.3223289544314,2026-05-19 05:54:55.578918,BestBuy,False,False
TXN_00192,U0011,4481.931893746218,2026-05-12 16:54:55.578924,Amazon,True,True
TXN_00193,U0091,178.95322165006172,2026-05-18 17:54:55.578931,Amazon,False,False
TXN_00194,U0197,370.24162255803253,2026-05-13 06:54:55.578937,Target,False,False
TXN_00195,U0034,182.62653259595285,2026-05-18 23:54:55.578943,Target,False,False
TXN_00196,U0164,416.88799181416533,2026-05-17 14:54:55.578948,BestBuy,False,False
TXN_00197,U0178,319.5505654015855,2026-05-14 08:54:55.578955,Walmart,False,False
TXN_00198,U0016,28.1220571978901,2026-05-14 13:54:55.578963,Walmart,False,False
TXN_00199,U0011,8972.113470562945,2026-05-17 07:54:55.578970,Target,True,True
TXN_00200,U0131,494.6701241251005,2026-05-15 05:54:55.578978,eBay,False,False
TXN_00201,U0121,27.94417805308509,2026-05-16 18:54:55.578985,Walmart,False,False
TXN_00202,U0073,432.4478799299327,2026-05-15 15:54:55.578991,Amazon,False,False
TXN_00203,U0167,143.876136995798,2026-05-15 22:54:55.578996,Target,False,False
TXN_00204,U0111,374.2207757046144,2026-05-15 04:54:55.579002,BestBuy,False,False
TXN_00205,U0086,253.1395810031411,2026-05-17 11:54:55.579008,BestBuy,False,False
TXN_00206,U0094,140.69314094306947,2026-05-13 22:54:55.579015,Amazon,False,False
TXN_00207,U0186,48.67423296717926,2026-05-14 22:54:55.579021,eBay,False,False
TXN_00208,U0046,153.94554531122446,2026-05-13 15:54:55.579028,Amazon,False,False
TXN_00209,U0020,333.85041851448693,2026-05-15 23:54:55.579035,Target,False,False
TXN_00210,U0114,361.6548265427118,2026-05-13 00:54:55.579042,Walmart,False,False
TXN_00211,U0176,4163.922853947929,2026-05-14 17:54:55.579048,Target,True,True
TXN_00212,U0157,144.53212643668022,2026-05-14 19:54:55.579054,Amazon,False,False
TXN_00213,U0019,209.0430134387497,2026-05-12 15:54:55.579062,eBay,False,False
TXN_00214,U0191,476.8668041770078,2026-05-17 18:54:55.579069,Walmart,False,False
TXN_00215,U0155,27.05149324128559,2026-05-14 18:54:55.579076,Amazon,False,False
TXN_00216,U0060,189.5009518225028,2026-05-12 13:54:55.579083,BestBuy,False,False
TXN_00217,U0145,306.4964661388449,2026-05-19 02:54:55.579091,BestBuy,False,False
TXN_00218,U0094,227.53025169604564,2026-05-15 11:54:55.579100,Amazon,False,False
TXN_00219,U0146,269.4353419527819,2026-05-17 23:54:55.579107,BestBuy,False,False
TXN_00220,U0080,146.55798548690757,2026-05-12 12:54:55.579113,Amazon,False,False
TXN_00221,U0006,254.53154052566873,2026-05-17 11:54:55.579137,BestBuy,False,False
TXN_00222,U0143,138.27057152787296,2026-05-18 04:54:55.579145,Target,False,False
TXN_00223,U0180,115.13950845762267,2026-05-14 16:54:55.579151,eBay,False,False
TXN_00224,U0073,108.0873870856489,2026-05-14 05:54:55.579158,Walmart,False,False
TXN_00225,U0018,2553.90727585637,2026-05-14 15:54:55.579168,Amazon,False,True
TXN_00226,U0174,337.2414973395943,2026-05-16 01:54:55.579175,Amazon,False,False
TXN_00227,U0140,152.27751856112866,2026-05-13 16:54:55.579183,Target,False,False
TXN_00228,U0040,95.30459477686303,2026-05-12 15:54:55.579189,Target,False,False
TXN_00229,U0130,69.46760298844387,2026-05-17 01:54:55.579196,Walmart,False,False
TXN_00230,U0035,397.2827997957971,2026-05-16 22:54:55.579203,Amazon,False,False
TXN_00231,U0092,290.4159294870978,2026-05-13 13:54:55.579209,BestBuy,False,False
TXN_00232,U0141,309.8546976840552,2026-05-18 01:54:55.579217,Amazon,False,False
TXN_00233,U0016,205.0983905777452,2026-05-16 03:54:55.579225,BestBuy,False,False
TXN_00234,U0134,7922.480953372282,2026-05-15 01:54:55.579231,Amazon,False,True
TXN_00235,U0032,324.74590879932686,2026-05-16 01:54:55.579238,BestBuy,False,False
TXN_00236,U0119,178.81224254432286,2026-05-13 22:54:55.579244,eBay,False,False
TXN_00237,U0163,99.16193691054731,2026-05-13 04:54:55.579253,Walmart,False,False
TXN_00238,U0110,456.2490127639748,2026-05-14 02:54:55.579259,Amazon,False,False
TXN_00239,U0031,84.9775787369983,2026-05-13 22:54:55.579266,Walmart,False,False
TXN_00240,U0041,468.0215399531479,2026-05-16 00:54:55.579272,Walmart,False,False
TXN_00241,U0088,9054.333251390119,2026-05-13 22:54:55.579278,Target,False,True
TXN_00242,U0050,478.6122972511671,2026-05-12 16:54:55.579285,Target,False,False
TXN_00243,U0032,158.38405699334928,2026-05-12 18:54:55.579292,eBay,False,False
TXN_00244,U0023,324.0838393765061,2026-05-14 02:54:55.579298,eBay,False,False
TXN_00245,U0148,93.88830529733823,2026-05-17 19:54:55.579304,eBay,False,False
TXN_00246,U0184,175.43359743684306,2026-05-13 00:54:55.579310,eBay,False,False
TXN_00247,U0010,49.799198897751246,2026-05-19 03:54:55.579318,eBay,False,False
TXN_00248,U0067,113.29610605396262,2026-05-12 12:54:55.579325,eBay,False,False
TXN_00249,U0106,323.1056841823465,2026-05-12 20:54:55.579331,BestBuy,False,False
TXN_00250,U0160,151.93911183278684,2026-05-13 15:54:55.579338,Target,False,False
TXN_00251,U0123,404.29719556570916,2026-05-16 20:54:55.579345,BestBuy,False,False
TXN_00252,U0076,45.75678249761944,2026-05-14 14:54:55.579351,Amazon,False,False
TXN_00253,U0040,213.65465564491637,2026-05-14 18:54:55.579357,BestBuy,False,False
TXN_00254,U0052,307.2635287821118,2026-05-15 19:54:55.601483,Target,False,False
TXN_00255,U0183,369.75787985422795,2026-05-16 01:54:55.601496,Target,False,False
TXN_00256,U0102,382.72584744963564,2026-05-18 01:54:55.601509,eBay,False,False
TXN_00257,U0143,166.36678433754705,2026-05-18 07:54:55.601517,BestBuy,False,False
TXN_00258,U0031,230.30204587787574,2026-05-16 14:54:55.601524,Walmart,False,False
TXN_00259,U0024,152.20388243525176,2026-05-18 22:54:55.601531,BestBuy,False,False
TXN_00260,U0157,131.65243738678143,2026-05-14 23:54:55.601538,Walmart,False,False
TXN_00261,U0083,363.3529301228397,2026-05-13 07:54:55.601544,Walmart,False,False
TXN_00262,U0195,254.1501156093553,2026-05-17 18:54:55.601551,eBay,False,False
TXN_00263,U0119,440.7470751642051,2026-05-14 03:54:55.601557,BestBuy,False,False
TXN_00264,U0005,473.16407399392625,2026-05-18 11:54:55.601594,eBay,False,False
TXN_00265,U0117,2936.29980273617,2026-05-16 21:54:55.601601,Amazon,True,True
TXN_00266,U0072,6377.668939091676,2026-05-14 04:54:55.601611,BestBuy,False,True
TXN_00267,U0073,14.006928914148052,2026-05-13 17:54:55.601617,Amazon,False,False
TXN_00268,U0110,442.4033081501105,2026-05-18 00:54:55.601624,Target,False,False
TXN_00269,U0195,189.30930273360588,2026-05-15 03:54:55.601635,BestBuy,False,False
TXN_00270,U0013,285.2902639313124,2026-05-13 09:54:55.601641,Target,False,False
TXN_00271,U0141,46.030557373992494,2026-05-16 09:54:55.601647,eBay,False,False
TXN_00272,U0115,147.06313203575118,2026-05-13 14:54:55.601653,eBay,False,False
TXN_00273,U0174,68.21739966455888,2026-05-12 22:54:55.601660,Amazon,False,False
TXN_00274,U0100,8154.075055428512,2026-05-15 11:54:55.601666,Target,True,True
TXN_00275,U0193,107.53836196070048,2026-05-17 22:54:55.601673,eBay,False,False
TXN_00276,U0102,29.72490401714026,2026-05-14 02:54:55.601682,Amazon,False,False
TXN_00277,U0035,403.9432690451639,2026-05-15 21:54:55.601688,eBay,False,False
TXN_00278,U0116,6456.344701634237,2026-05-17 20:54:55.601695,Target,True,True
TXN_00279,U0156,89.6260024797003,2026-05-16 01:54:55.601701,eBay,False,False
TXN_00280,U0189,300.9250812591835,2026-05-16 06:54:55.601708,eBay,False,False
TXN_00281,U0130,250.02485951246695,2026-05-13 18:54:55.601714,eBay,False,False
TXN_00282,U0076,409.71692828947386,2026-05-14 09:54:55.601720,Target,False,False
TXN_00283,U0084,490.1500352777893,2026-05-18 06:54:55.601734,eBay,False,False
TXN_00284,U0078,23.05710593227826,2026-05-12 17:54:55.601742,BestBuy,False,False
TXN_00285,U0067,393.6229558013965,2026-05-12 11:54:55.601749,eBay,False,False
TXN_00286,U0147,363.4860550251903,2026-05-17 00:54:55.601755,eBay,False,False
TXN_00287,U0122,266.8738429860947,2026-05-17 15:54:55.601762,eBay,False,False
TXN_00288,U0198,82.4100970671626,2026-05-15 09:54:55.601768,Walmart,False,False
TXN_00289,U0008,474.62053368430765,2026-05-13 08:54:55.601775,Amazon,False,False
TXN_00290,U0048,226.10889743051914,2026-05-19 06:54:55.601782,BestBuy,False,False
TXN_00291,U0038,348.34512785007746,2026-05-15 01:54:55.601788,BestBuy,False,False
TXN_00292,U0128,461.0552654496332,2026-05-12 22:54:55.601795,Amazon,False,False
TXN_00293,U0180,264.1547736644554,2026-05-17 23:54:55.601802,eBay,False,False
TXN_00294,U0083,267.4838041860173,2026-05-14 08:54:55.601808,Target,False,False
TXN_00295,U0044,456.94083885276507,2026-05-14 13:54:55.601816,Target,False,False
TXN_00296,U0139,341.17560251262034,2026-05-15 16:54:55.601822,Target,False,False
TXN_00297,U0156,104.20944287698957,2026-05-14 07:54:55.601829,Walmart,False,False
TXN_00298,U0071,156.26458898324404,2026-05-13 12:54:55.601836,Target,False,False
TXN_00299,U0197,355.4014590499261,2026-05-16 09:54:55.601843,BestBuy,False,False
TXN_00300,U0081,180.91355535864022,2026-05-14 08:54:55.601849,Target,False,False
TXN_00301,U0073,291.0036338980861,2026-05-18 03:54:55.601855,eBay,False,False
TXN_00302,U0097,411.00495546397553,2026-05-15 05:54:55.601861,Walmart,False,False
TXN_00303,U0074,150.93886739092855,2026-05-19 00:54:55.601868,Amazon,False,False
TXN_00304,U0088,6903.748454958168,2026-05-14 17:54:55.601874,Walmart,False,True
TXN_00305,U0051,142.85503377900812,2026-05-13 17:54:55.601880,eBay,False,False
TXN_00306,U0178,77.26374785245224,2026-05-16 13:54:55.601887,eBay,False,False
TXN_00307,U0189,127.24821231368509,2026-05-13 04:54:55.601894,Amazon,False,False
TXN_00308,U0171,120.57910667801526,2026-05-13 19:54:55.601900,Walmart,False,False
TXN_00309,U0013,212.51766936364672,2026-05-18 09:54:55.601910,BestBuy,False,False
TXN_00310,U0025,12.538908739493715,2026-05-17 23:54:55.601917,eBay,False,False
TXN_00311,U0040,329.9174708736369,2026-05-15 02:54:55.601924,BestBuy,False,False
TXN_00312,U0122,107.73342758712482,2026-05-12 12:54:55.601931,Target,False,False
TXN_00313,U0082,326.48997976623224,2026-05-16 09:54:55.601937,Amazon,False,False
TXN_00314,U0166,123.78789761829833,2026-05-13 08:54:55.601944,Amazon,False,False
TXN_00315,U0044,442.30003685076827,2026-05-15 00:54:55.601954,Walmart,False,False
TXN_00316,U0009,396.1007086391606,2026-05-15 05:54:55.601961,Walmart,False,False
TXN_00317,U0191,439.60415227978245,2026-05-16 08:54:55.601968,Amazon,False,False
TXN_00318,U0076,305.3636530978779,2026-05-13 09:54:55.601974,Target,False,False
TXN_00319,U0072,9901.895230798511,2026-05-14 14:54:55.601980,BestBuy,True,True
TXN_00320,U0034,239.33017681308215,2026-05-14 01:54:55.601987,Walmart,False,False
TXN_00321,U0028,89.62218864447193,2026-05-15 22:54:55.601993,BestBuy,False,False
TXN_00322,U0165,362.11310499338464,2026-05-16 17:54:55.602000,Amazon,False,False
TXN_00323,U0188,397.4761555683753,2026-05-15 20:54:55.602006,eBay,False,False
TXN_00324,U0172,95.99250778084772,2026-05-17 09:54:55.602013,BestBuy,False,False
TXN_00325,U0109,170.68406278268625,2026-05-13 23:54:55.602020,BestBuy,False,False
TXN_00326,U0171,100.54278851319658,2026-05-18 10:54:55.602026,Walmart,False,False
TXN_00327,U0122,468.5544396306803,2026-05-16 00:54:55.602032,Amazon,False,False
TXN_00328,U0066,125.40541387275161,2026-05-15 08:54:55.602039,Target,False,False
TXN_00329,U0084,295.40576826194257,2026-05-16 05:54:55.602046,eBay,False,False
TXN_00330,U0002,6883.150303631788,2026-05-16 16:54:55.602054,Amazon,True,True
TXN_00331,U0170,238.0435455615454,2026-05-18 04:54:55.602060,Walmart,False,False
TXN_00332,U0103,462.3219468340873,2026-05-14 02:54:55.602067,Target,False,False
TXN_00333,U0176,6748.40192679445,2026-05-18 04:54:55.602074,Target,False,True
TXN_00334,U0157,117.37301445831852,2026-05-17 02:54:55.602082,Walmart,False,False
TXN_00335,U0122,232.93954965762845,2026-05-17 19:54:55.602088,eBay,False,False
TXN_00336,U0095,353.95095615927056,2026-05-15 00:54:55.602095,BestBuy,False,False
TXN_00337,U0193,402.9775459722152,2026-05-13 17:54:55.602102,Walmart,False,False
TXN_00338,U0195,343.367540760505,2026-05-16 19:54:55.602108,eBay,False,False
TXN_00339,U0020,228.90650897327683,2026-05-13 20:54:55.602115,Target,False,False
TXN_00340,U0019,64.98230785326243,2026-05-13 10:54:55.602121,eBay,False,False
TXN_00341,U0129,290.62382037165366,2026-05-17 07:54:55.602127,Walmart,False,False
TXN_00342,U0042,8690.37406655456,2026-05-15 23:54:55.602132,Walmart,True,True
TXN_00343,U0183,249.52570374728293,2026-05-13 05:54:55.602139,eBay,False,False
TXN_00344,U0114,232.18182708809317,2026-05-18 20:54:55.602144,eBay,False,False
TXN_00345,U0106,286.31648069836956,2026-05-14 14:54:55.602150,eBay,False,False
TXN_00346,U0118,364.4072391142511,2026-05-16 04:54:55.602156,BestBuy,False,False
TXN_00347,U0065,375.44419658758966,2026-05-19 10:54:55.602164,eBay,False,False
TXN_00348,U0018,4813.276463007627,2026-05-18 23:54:55.602170,eBay,False,True
TXN_00349,U0015,493.2072515603157,2026-05-18 17:54:55.602177,BestBuy,False,False
TXN_00350,U0008,210.34479855143164,2026-05-16 09:54:55.602183,Walmart,False,False
TXN_00351,U0196,489.3833096128095,2026-05-12 14:54:55.602190,BestBuy,False,False
TXN_00352,U0095,229.78319500471605,2026-05-15 09:54:55.602196,BestBuy,False,False
TXN_00353,U0096,344.5378735097553,2026-05-18 14:54:55.602204,eBay,False,False
TXN_00354,U0034,431.54042475228937,2026-05-12 11:54:55.602213,Amazon,False,False
TXN_00355,U0045,4537.527686056366,2026-05-13 17:54:55.602220,Walmart,True,True
TXN_00356,U0000,489.4604345127781,2026-05-19 05:54:55.602226,BestBuy,False,False
TXN_00357,U0172,217.8227345693668,2026-05-13 15:54:55.602233,BestBuy,False,False
TXN_00358,U0058,5145.627506937366,2026-05-16 19:54:55.602239,Walmart,True,True
TXN_00359,U0185,25.786484305890706,2026-05-18 06:54:55.602245,BestBuy,False,False
TXN_00360,U0157,127.92648413017385,2026-05-19 06:54:55.602251,Amazon,False,False
TXN_00361,U0025,26.45237511959759,2026-05-13 02:54:55.602258,eBay,False,False
TXN_00362,U0172,129.9197340970123,2026-05-18 22:54:55.602264,Amazon,False,False
TXN_00363,U0102,124.8262464589052,2026-05-14 18:54:55.602270,Walmart,False,False
TXN_00364,U0193,78.66643180630325,2026-05-18 20:54:55.602276,Target,False,False
TXN_00365,U0059,166.2628112209041,2026-05-13 07:54:55.602283,eBay,False,False
TXN_00366,U0197,126.08297704059311,2026-05-16 00:54:55.602290,Walmart,False,False
TXN_00367,U0169,118.31094281855596,2026-05-13 21:54:55.602296,Target,False,False
TXN_00368,U0070,282.7918778715649,2026-05-18 19:54:55.602303,eBay,False,False
TXN_00369,U0188,316.7366374476817,2026-05-17 14:54:55.602309,BestBuy,False,False
TXN_00370,U0142,32.97320750670295,2026-05-14 04:54:55.602315,Target,False,False
TXN_00371,U0164,395.04425203045383,2026-05-15 09:54:55.602322,Target,False,False
TXN_00372,U0178,210.04699664649834,2026-05-15 00:54:55.602328,Target,False,False
TXN_00373,U0096,379.6638876466814,2026-05-17 11:54:55.602335,BestBuy,False,False
TXN_00374,U0061,157.36084520962243,2026-05-17 01:54:55.602341,Walmart,False,False
TXN_00375,U0118,285.5691152975855,2026-05-18 20:54:55.602348,BestBuy,False,False
TXN_00376,U0142,75.70544801894823,2026-05-13 19:54:55.602355,Walmart,False,False
TXN_00377,U0065,171.82886687581143,2026-05-17 06:54:55.602361,Amazon,False,False
TXN_00378,U0115,55.307358298163194,2026-05-15 12:54:55.602367,Walmart,False,False
TXN_00379,U0013,194.8123077310565,2026-05-16 14:54:55.602375,eBay,False,False
TXN_00380,U0154,438.0740246598744,2026-05-19 00:54:55.602382,Walmart,False,False
TXN_00381,U0194,364.90956752755307,2026-05-13 04:54:55.602388,eBay,False,False
TXN_00382,U0055,112.35565339060265,2026-05-14 08:54:55.602394,Target,False,False
TXN_00383,U0077,113.78580830401393,2026-05-19 07:54:55.602400,Walmart,False,False
TXN_00384,U0189,375.9708214535585,2026-05-18 04:54:55.602406,BestBuy,False,False
TXN_00385,U0062,354.8466055110949,2026-05-13 00:54:55.602412,BestBuy,False,False
TXN_00386,U0061,167.5913543254271,2026-05-13 13:54:55.602418,Target,False,False
TXN_00387,U0097,271.4885624339689,2026-05-14 11:54:55.602424,Target,False,False
TXN_00388,U0078,186.22586281061248,2026-05-16 16:54:55.602430,BestBuy,False,False
TXN_00389,U0119,403.3801446918103,2026-05-18 09:54:55.602437,BestBuy,False,False
TXN_00390,U0194,458.02194445976966,2026-05-16 01:54:55.602443,Target,False,False
TXN_00391,U0080,32.40056951073642,2026-05-15 01:54:55.602449,Walmart,False,False
TXN_00392,U0189,17.947751490617634,2026-05-17 21:54:55.602455,eBay,False,False
TXN_00393,U0149,362.805849497119,2026-05-13 06:54:55.602463,Target,False,False
TXN_00394,U0039,171.63399012915136,2026-05-17 08:54:55.602471,BestBuy,False,False
TXN_00395,U0145,254.657726360968,2026-05-16 20:54:55.602477,Target,False,False
TXN_00396,U0065,483.5890509526684,2026-05-14 05:54:55.602484,BestBuy,False,False
TXN_00397,U0117,7594.950133225169,2026-05-17 15:54:55.602491,Walmart,True,True
TXN_00398,U0184,249.27499741452488,2026-05-13 15:54:55.602498,eBay,False,False
TXN_00399,U0164,266.7327635479989,2026-05-18 19:54:55.602504,Amazon,False,False
TXN_00400,U0171,384.5260333502894,2026-05-18 22:54:55.602510,BestBuy,False,False
TXN_00401,U0035,123.4023621179483,2026-05-12 17:54:55.603981,Walmart,False,False
TXN_00402,U0002,5551.596277237586,2026-05-17 03:54:55.604010,eBay,True,True
TXN_00403,U0163,457.2482128200682,2026-05-12 21:54:55.604019,BestBuy,False,False
TXN_00404,U0004,270.7841176562409,2026-05-19 09:54:55.604027,BestBuy,False,False
TXN_00405,U0003,269.4146469524088,2026-05-19 06:54:55.604033,Target,False,False
TXN_00406,U0137,18.399872825189327,2026-05-16 09:54:55.604040,BestBuy,False,False
TXN_00407,U0045,9262.439600131102,2026-05-18 07:54:55.604048,Walmart,True,True
TXN_00408,U0049,267.96343284610595,2026-05-12 20:54:55.604055,Target,False,False
TXN_00409,U0068,48.71942946907333,2026-05-15 05:54:55.604079,BestBuy,False,False
TXN_00410,U0117,3188.871047735938,2026-05-13 10:54:55.604093,Target,True,True
TXN_00411,U0175,330.33050258398504,2026-05-18 14:54:55.604104,Amazon,False,False
TXN_00412,U0023,195.8393708975098,2026-05-15 03:54:55.604113,eBay,False,False
TXN_00413,U0121,322.006557022263,2026-05-18 20:54:55.604120,Walmart,False,False
TXN_00414,U0021,424.21159932476075,2026-05-14 03:54:55.604126,Target,False,False
TXN_00415,U0144,448.4476939499229,2026-05-18 10:54:55.604133,Amazon,False,False
TXN_00416,U0058,9111.456631221265,2026-05-17 04:54:55.604139,eBay,True,True
TXN_00417,U0121,32.81536566345421,2026-05-16 13:54:55.604146,Amazon,False,False
TXN_00418,U0175,450.6627089238542,2026-05-16 11:54:55.604152,eBay,False,False
TXN_00419,U0168,97.88370657783385,2026-05-19 02:54:55.604159,Target,False,False
TXN_00420,U0004,297.6476910013993,2026-05-17 05:54:55.604165,BestBuy,False,False
TXN_00421,U0019,89.60062285020588,2026-05-16 06:54:55.604172,Walmart,False,False
TXN_00422,U0145,341.7471332795741,2026-05-15 07:54:55.604179,eBay,False,False
TXN_00423,U0084,380.24853961523723,2026-05-15 08:54:55.604190,Walmart,False,False
TXN_00424,U0176,5507.135664739526,2026-05-18 14:54:55.604197,Amazon,False,True
TXN_00425,U0025,123.7505621533884,2026-05-14 19:54:55.604203,Amazon,False,False
TXN_00426,U0087,386.81277014906675,2026-05-13 00:54:55.604210,eBay,False,False
TXN_00427,U0101,24.516572883130905,2026-05-15 23:54:55.604216,Target,False,False
TXN_00428,U0115,121.7878110285661,2026-05-14 05:54:55.604224,eBay,False,False
TXN_00429,U0096,101.01154448874648,2026-05-14 20:54:55.604231,eBay,False,False
TXN_00430,U0169,51.99011764200051,2026-05-15 09:54:55.604237,eBay,False,False
TXN_00431,U0075,7417.9767941054715,2026-05-16 19:54:55.604242,Walmart,True,True
TXN_00432,U0097,85.59567639552868,2026-05-12 16:54:55.604251,BestBuy,False,False
TXN_00433,U0081,62.20994967851795,2026-05-15 14:54:55.604258,Amazon,False,False
TXN_00434,U0078,186.35957369997934,2026-05-14 17:54:55.604264,Target,False,False
TXN_00435,U0026,52.775643854006894,2026-05-18 01:54:55.604271,BestBuy,False,False
TXN_00436,U0114,281.8226002983452,2026-05-13 12:54:55.604277,BestBuy,False,False
TXN_00437,U0026,53.913232560589876,2026-05-19 04:54:55.604284,eBay,False,False
TXN_00438,U0023,303.0414609191937,2026-05-13 02:54:55.604290,Target,False,False
TXN_00439,U0098,153.0052021351973,2026-05-19 07:54:55.604296,BestBuy,False,False
TXN_00440,U0199,365.17348357704776,2026-05-18 13:54:55.604303,eBay,False,False
TXN_00441,U0062,265.3412200741144,2026-05-13 08:54:55.604310,BestBuy,False,False
TXN_00442,U0043,141.7702921297723,2026-05-17 23:54:55.604318,Target,False,False
TXN_00443,U0126,41.00090363570766,2026-05-17 21:54:55.604324,BestBuy,False,False
TXN_00444,U0070,156.878604421566,2026-05-14 23:54:55.604330,Amazon,False,False
TXN_00445,U0092,472.6689248593832,2026-05-16 18:54:55.604336,BestBuy,False,False
TXN_00446,U0152,105.81863019132763,2026-05-12 21:54:55.604343,Amazon,False,False
TXN_00447,U0034,13.316011018481042,2026-05-16 05:54:55.604349,BestBuy,False,False
TXN_00448,U0085,196.14607851205363,2026-05-12 20:54:55.604355,Target,False,False
TXN_00449,U0112,221.0019482641144,2026-05-15 21:54:55.604361,eBay,False,False
TXN_00450,U0034,167.12592613379294,2026-05-16 06:54:55.604368,Walmart,False,False
TXN_00451,U0122,97.04226294637891,2026-05-16 02:54:55.604376,BestBuy,False,False
TXN_00452,U0081,370.08843906618137,2026-05-16 08:54:55.604382,BestBuy,False,False
TXN_00453,U0147,169.68425634702368,2026-05-16 20:54:55.604389,Target,False,False
TXN_00454,U0100,2024.9904125079831,2026-05-15 13:54:55.604396,eBay,True,True
TXN_00455,U0139,344.03919023374294,2026-05-17 12:54:55.604402,eBay,False,False
TXN_00456,U0006,472.0577085547138,2026-05-14 12:54:55.604408,Walmart,False,False
TXN_00457,U0112,417.3280862680769,2026-05-16 08:54:55.604417,Amazon,False,False
TXN_00458,U0104,78.19777012120677,2026-05-14 03:54:55.604424,Target,False,False
TXN_00459,U0061,332.74485458083586,2026-05-16 18:54:55.604430,BestBuy,False,False
TXN_00460,U0096,230.04269320848059,2026-05-18 16:54:55.604437,eBay,False,False
TXN_00461,U0122,206.39449769139307,2026-05-13 05:54:55.604446,eBay,False,False
TXN_00462,U0177,276.3861496598641,2026-05-14 23:54:55.604453,Target,False,False
TXN_00463,U0179,300.97177224389,2026-05-13 17:54:55.604459,Amazon,False,False
TXN_00464,U0027,332.22480584457514,2026-05-16 19:54:55.604467,Target,False,False
TXN_00465,U0042,6514.101120819674,2026-05-12 13:54:55.604473,BestBuy,True,True
TXN_00466,U0192,483.20122107977585,2026-05-15 22:54:55.604480,BestBuy,False,False
TXN_00467,U0027,58.31721370504648,2026-05-19 08:54:55.604487,Walmart,False,False
TXN_00468,U0130,283.4167740080801,2026-05-13 22:54:55.604493,eBay,False,False
TXN_00469,U0056,193.31858822446867,2026-05-14 16:54:55.604500,BestBuy,False,False
TXN_00470,U0197,348.31427980384404,2026-05-13 04:54:55.604506,Walmart,False,False
TXN_00471,U0088,5344.93976042378,2026-05-19 04:54:55.604515,Amazon,True,True
TXN_00472,U0029,180.68103963752287,2026-05-17 22:54:55.604522,Target,False,False
TXN_00473,U0116,5690.033468204245,2026-05-17 06:54:55.604528,Amazon,True,True
TXN_00474,U0112,166.2656423666732,2026-05-14 15:54:55.604536,Target,False,False
TXN_00475,U0011,1203.2660368280112,2026-05-18 05:54:55.604543,Amazon,True,True
TXN_00476,U0173,465.6619987794103,2026-05-17 16:54:55.604549,Walmart,False,False
TXN_00477,U0132,280.4360420142598,2026-05-17 14:54:55.604556,Target,False,False
TXN_00478,U0143,479.64668464963535,2026-05-14 21:54:55.604562,Walmart,False,False
TXN_00479,U0103,100.3813698241829,2026-05-12 17:54:55.604570,BestBuy,False,False
TXN_00480,U0101,371.3203010776072,2026-05-19 03:54:55.604577,Walmart,False,False
TXN_00481,U0115,220.4808921406383,2026-05-13 03:54:55.604584,Amazon,False,False
TXN_00482,U0180,110.83439488998773,2026-05-17 04:54:55.604590,Amazon,False,False
TXN_00483,U0147,401.7561548744877,2026-05-18 08:54:55.604597,eBay,False,False
TXN_00484,U0047,3933.8642043893665,2026-05-15 13:54:55.604603,Target,True,True
TXN_00485,U0171,268.5803596176135,2026-05-14 05:54:55.604609,Target,False,False
TXN_00486,U0152,309.5411263581109,2026-05-15 07:54:55.604616,eBay,False,False
TXN_00487,U0029,182.47261296438964,2026-05-15 17:54:55.604622,BestBuy,False,False
TXN_00488,U0158,408.7317445878576,2026-05-17 14:54:55.604627,Target,False,False
TXN_00489,U0157,51.528464625283625,2026-05-13 03:54:55.604634,Walmart,False,False
TXN_00490,U0080,126.90063595500737,2026-05-18 04:54:55.604641,Amazon,False,False
TXN_00491,U0046,349.7839054410583,2026-05-15 11:54:55.604648,eBay,False,False
TXN_00492,U0099,302.24865054752655,2026-05-14 23:54:55.604654,eBay,False,False
TXN_00493,U0098,101.01931265345516,2026-05-14 22:54:55.604661,eBay,False,False
TXN_00494,U0177,466.0405194755702,2026-05-12 13:54:55.604667,Walmart,False,False
TXN_00495,U0142,249.92459283418233,2026-05-17 16:54:55.604673,Walmart,False,False
TXN_00496,U0047,8577.866927228933,2026-05-16 02:54:55.604679,Target,True,True
TXN_00497,U0002,2228.812431962463,2026-05-14 06:54:55.604686,eBay,False,True
TXN_00498,U0129,252.5352254545378,2026-05-12 11:54:55.604692,BestBuy,False,False
TXN_00499,U0106,249.46276085044596,2026-05-14 17:54:55.604698,Amazon,False,False
